Unnamed: 0,manoeuvres_01_paddling,manoeuvres_02_drop,manoeuvres_03_straight_ahead,manoeuvres_04_wall_riding,manoeuvres_05_floater,manoeuvres_06_cut_back,manoeuvres_07_rasgada,manoeuvres_08_off_the_lip,manoeuvres_09_tube,manoeuvres_10_air,surfer_experience
0,Sempre consigo,Sempre consigo,Sempre consigo,Sempre consigo,Sempre consigo,Consigo normalmente,Consigo normalmente,Consigo normalmente,Consigo normalmente,As vezes eu consigo,Avançado
1,Consigo normalmente,As vezes eu consigo,Ainda não consigo,Ainda não consigo,Ainda não consigo,Ainda não consigo,Ainda não consigo,Ainda não consigo,Ainda não consigo,Ainda não consigo,Aprendiz
2,Sempre consigo,Consigo normalmente,Sempre consigo,Consigo normalmente,As vezes eu consigo,Consigo normalmente,Consigo normalmente,Consigo normalmente,As vezes eu consigo,Ainda não consigo,Avançado
4,Sempre consigo,Consigo normalmente,Não sei,Consigo normalmente,As vezes eu consigo,As vezes eu consigo,Consigo normalmente,Consigo normalmente,As vezes eu consigo,Ainda não consigo,Avançado
5,Sempre consigo,Consigo normalmente,Consigo normalmente,Sempre consigo,Consigo normalmente,Consigo normalmente,Sempre consigo,Sempre consigo,As vezes eu consigo,Ainda não consigo,Avançado
6,Sempre consigo,Sempre consigo,Sempre consigo,Sempre consigo,Sempre consigo,Sempre consigo,Sempre consigo,Sempre consigo,Sempre consigo,As vezes eu consigo,Avançado
7,Consigo normalmente,Consigo normalmente,Sempre consigo,Sempre consigo,As vezes eu consigo,As vezes eu consigo,Ainda não consigo,As vezes eu consigo,Ainda não consigo,Não sei,Intermediário
8,Sempre consigo,Sempre consigo,Sempre consigo,Sempre consigo,Sempre consigo,Sempre consigo,Sempre consigo,Sempre consigo,Consigo normalmente,As vezes eu consigo,Avançado
9,Sempre consigo,Sempre consigo,Sempre consigo,Sempre consigo,Sempre consigo,,Sempre consigo,Sempre consigo,Sempre consigo,As vezes eu consigo,Avançado
10,Consigo normalmente,As vezes eu consigo,Sempre consigo,Consigo normalmente,Consigo normalmente,As vezes eu consigo,As vezes eu consigo,Consigo normalmente,Ainda não consigo,Ainda não consigo,Intermediário
11,Sempre consigo,Sempre consigo,Sempre consigo,Sempre consigo,Consigo normalmente,Sempre consigo,Consigo normalmente,Sempre consigo,As vezes eu consigo,Ainda não consigo,Avançado
12,Sempre consigo,Sempre consigo,,Sempre consigo,Sempre consigo,Sempre consigo,Sempre consigo,Sempre consigo,Sempre consigo,,Avançado
13,Sempre consigo,Consigo normalmente,As vezes eu consigo,Sempre consigo,As vezes eu consigo,Consigo normalmente,Consigo normalmente,Consigo normalmente,As vezes eu consigo,Ainda não consigo,Intermediário
14,Sempre consigo,Sempre consigo,Não sei,As vezes eu consigo,As vezes eu consigo,As vezes eu consigo,As vezes eu consigo,As vezes eu consigo,As vezes eu consigo,Não sei,Intermediário
15,Consigo normalmente,Não sei,Consigo normalmente,Não sei,Não sei,Não sei,Não sei,Não sei,Não sei,Não sei,Iniciante
16,Sempre consigo,Sempre consigo,Sempre consigo,Sempre consigo,Sempre consigo,Sempre consigo,Sempre consigo,Sempre consigo,Sempre consigo,,Avançado
17,Sempre consigo,Consigo normalmente,Sempre consigo,Sempre consigo,As vezes eu consigo,Ainda não consigo,As vezes eu consigo,Consigo normalmente,As vezes eu consigo,Ainda não consigo,Avançado
19,Consigo normalmente,Consigo normalmente,Sempre consigo,Consigo normalmente,Ainda não consigo,As vezes eu consigo,As vezes eu consigo,Ainda não consigo,Ainda não consigo,Ainda não consigo,Intermediário
20,Sempre consigo,Sempre consigo,Sempre consigo,Sempre consigo,Sempre consigo,Sempre consigo,Sempre consigo,Sempre consigo,Sempre consigo,As vezes eu consigo,Avançado
21,Sempre consigo,Sempre consigo,Sempre consigo,Sempre consigo,Sempre consigo,Consigo normalmente,Sempre consigo,Consigo normalmente,As vezes eu consigo,As vezes eu consigo,Avançado
22,Sempre consigo,Sempre consigo,Sempre consigo,Sempre consigo,Sempre consigo,Sempre consigo,Sempre consigo,Sempre consigo,Sempre consigo,Sempre consigo,Avançado
23,Sempre consigo,Consigo normalmente,Sempre consigo,Sempre consigo,Sempre consigo,Sempre consigo,Sempre consigo,Sempre consigo,Sempre consigo,As vezes eu consigo,Avançado
24,Consigo normalmente,As vezes eu consigo,As vezes eu consigo,Ainda não consigo,Ainda não consigo,Ainda não consigo,Ainda não consigo,Ainda não consigo,Ainda não consigo,Ainda não consigo,Aprendiz
25,Sempre consigo,Consigo normalmente,Não sei,,As vezes eu consigo,Consigo normalmente,As vezes eu consigo,As vezes eu consigo,Ainda não consigo,Ainda não consigo,Intermediário
26,Consigo normalmente,Consigo normalmente,,Consigo normalmente,Consigo normalmente,Consigo normalmente,Consigo normalmente,As vezes eu consigo,As vezes eu consigo,Ainda não consigo,Avançado
27,Sempre consigo,As vezes eu consigo,As vezes eu consigo,Ainda não consigo,Ainda não consigo,Ainda não consigo,Ainda não consigo,Ainda não consigo,Ainda não consigo,Ainda não consigo,Aprendiz
28,Sempre consigo,Consigo normalmente,Sempre consigo,Sempre consigo,As vezes eu consigo,Sempre consigo,Sempre consigo,As vezes eu consigo,As vezes eu consigo,Ainda não consigo,Avançado
29,Consigo normalmente,Consigo normalmente,,Sempre consigo,Sempre consigo,Sempre consigo,Sempre consigo,Sempre consigo,Consigo normalmente,Consigo normalmente,Profissional
30,Consigo normalmente,Consigo normalmente,Sempre consigo,Consigo normalmente,Ainda não consigo,As vezes eu consigo,As vezes eu consigo,Consigo normalmente,Ainda não consigo,Não sei,Avançado
31,Sempre consigo,Sempre consigo,Sempre consigo,Sempre consigo,As vezes eu consigo,As vezes eu consigo,As vezes eu consigo,As vezes eu consigo,As vezes eu consigo,Ainda não consigo,Avançado
34,Sempre consigo,Sempre consigo,Sempre consigo,Sempre consigo,Sempre consigo,As vezes eu consigo,Sempre consigo,Sempre consigo,Sempre consigo,Ainda não consigo,Avançado
35,Sempre consigo,Sempre consigo,Sempre consigo,Sempre consigo,As vezes eu consigo,As vezes eu consigo,As vezes eu consigo,Consigo normalmente,Não sei,Não sei,Intermediário
36,Sempre consigo,Consigo normalmente,Sempre consigo,Ainda não consigo,Ainda não consigo,Ainda não consigo,Ainda não consigo,Ainda não consigo,Ainda não consigo,Ainda não consigo,Iniciante
37,Consigo normalmente,Consigo normalmente,Consigo normalmente,Consigo normalmente,As vezes eu consigo,Consigo normalmente,Ainda não consigo,Consigo normalmente,Ainda não consigo,Ainda não consigo,Intermediário
38,Sempre consigo,Consigo normalmente,Consigo normalmente,As vezes eu consigo,Ainda não consigo,Ainda não consigo,Ainda não consigo,As vezes eu consigo,Ainda não consigo,Ainda não consigo,Iniciante
39,As vezes eu consigo,As vezes eu consigo,Consigo normalmente,Ainda não consigo,Não sei,Não sei,Não sei,Não sei,Não sei,Não sei,Iniciante
40,Sempre consigo,Consigo normalmente,Sempre consigo,Sempre consigo,As vezes eu consigo,As vezes eu consigo,As vezes eu consigo,Consigo normalmente,As vezes eu consigo,Ainda não consigo,Intermediário
41,Sempre consigo,Consigo normalmente,Sempre consigo,Sempre consigo,Ainda não consigo,Ainda não consigo,Ainda não consigo,Ainda não consigo,Ainda não consigo,Ainda não consigo,Intermediário
42,Sempre consigo,As vezes eu consigo,Consigo normalmente,Não sei,Não sei,Não sei,Não sei,Não sei,Não sei,Não sei,Iniciante
43,Sempre consigo,Consigo normalmente,Consigo normalmente,Consigo normalmente,Ainda não consigo,Ainda não consigo,Ainda não consigo,As vezes eu consigo,Ainda não consigo,Ainda não consigo,Intermediário
44,Sempre consigo,Sempre consigo,Sempre consigo,Sempre consigo,Sempre consigo,Sempre consigo,Sempre consigo,Sempre consigo,Sempre consigo,Ainda não consigo,Avançado
45,Sempre consigo,Sempre consigo,As vezes eu consigo,Sempre consigo,As vezes eu consigo,As vezes eu consigo,Consigo normalmente,Consigo normalmente,As vezes eu consigo,Ainda não consigo,Avançado
46,Sempre consigo,Sempre consigo,Sempre consigo,Sempre consigo,Sempre consigo,Sempre consigo,Sempre consigo,Sempre consigo,Sempre consigo,As vezes eu consigo,Avançado
47,Sempre consigo,Sempre consigo,Sempre consigo,Sempre consigo,Sempre consigo,Sempre consigo,Sempre consigo,Sempre consigo,Sempre consigo,,Avançado
48,Consigo normalmente,As vezes eu consigo,Consigo normalmente,As vezes eu consigo,Ainda não consigo,Ainda não consigo,Ainda não consigo,Ainda não consigo,Ainda não consigo,Ainda não consigo,Iniciante
49,Sempre consigo,Sempre consigo,Sempre consigo,Sempre consigo,Ainda não consigo,Ainda não consigo,Ainda não consigo,As vezes eu consigo,Ainda não consigo,Ainda não consigo,Intermediário
50,Sempre consigo,Sempre consigo,Sempre consigo,Sempre consigo,As vezes eu consigo,As vezes eu consigo,As vezes eu consigo,As vezes eu consigo,As vezes eu consigo,Ainda não consigo,Intermediário
52,Sempre consigo,Sempre consigo,Sempre consigo,Sempre consigo,Sempre consigo,Consigo normalmente,Sempre consigo,Sempre consigo,As vezes eu consigo,Ainda não consigo,Avançado
53,Sempre consigo,Sempre consigo,Sempre consigo,Consigo normalmente,As vezes eu consigo,As vezes eu consigo,Consigo normalmente,Consigo normalmente,Ainda não consigo,Ainda não consigo,Avançado
54,Sempre consigo,As vezes eu consigo,Consigo normalmente,As vezes eu consigo,Ainda não consigo,Ainda não consigo,Ainda não consigo,Ainda não consigo,Ainda não consigo,Ainda não consigo,Iniciante
55,Sempre consigo,Sempre consigo,Sempre consigo,Sempre consigo,As vezes eu consigo,As vezes eu consigo,Consigo normalmente,As vezes eu consigo,As vezes eu consigo,Ainda não consigo,Intermediário
56,Sempre consigo,Sempre consigo,Sempre consigo,Sempre consigo,Sempre consigo,Consigo normalmente,Consigo normalmente,Sempre consigo,Ainda não consigo,Ainda não consigo,Avançado
57,Sempre consigo,Sempre consigo,,Sempre consigo,As vezes eu consigo,As vezes eu consigo,Ainda não consigo,As vezes eu consigo,Ainda não consigo,Ainda não consigo,Intermediário
58,Consigo normalmente,As vezes eu consigo,Consigo normalmente,As vezes eu consigo,Ainda não consigo,Ainda não consigo,Ainda não consigo,Ainda não consigo,Ainda não consigo,Ainda não consigo,Iniciante
59,Consigo normalmente,Consigo normalmente,Sempre consigo,Consigo normalmente,Ainda não consigo,Ainda não consigo,Ainda não consigo,As vezes eu consigo,Ainda não consigo,Ainda não consigo,Intermediário
60,Sempre consigo,Sempre consigo,Sempre consigo,Sempre consigo,Ainda não consigo,As vezes eu consigo,As vezes eu consigo,As vezes eu consigo,Ainda não consigo,Ainda não consigo,Intermediário
61,Sempre consigo,Sempre consigo,Sempre consigo,Sempre consigo,Sempre consigo,Sempre consigo,Sempre consigo,Sempre consigo,Sempre consigo,As vezes eu consigo,Avançado
62,Consigo normalmente,Consigo normalmente,Consigo normalmente,Consigo normalmente,Consigo normalmente,Consigo normalmente,Consigo normalmente,Consigo normalmente,As vezes eu consigo,Ainda não consigo,Avançado
63,Consigo normalmente,Consigo normalmente,Consigo normalmente,Consigo normalmente,Ainda não consigo,Ainda não consigo,Ainda não consigo,Ainda não consigo,Ainda não consigo,Ainda não consigo,Intermediário
64,Sempre consigo,Sempre consigo,Sempre consigo,Sempre consigo,As vezes eu consigo,As vezes eu consigo,As vezes eu consigo,As vezes eu consigo,Ainda não consigo,Ainda não consigo,Intermediário
65,Consigo normalmente,Consigo normalmente,,Consigo normalmente,As vezes eu consigo,As vezes eu consigo,As vezes eu consigo,Consigo normalmente,As vezes eu consigo,,Intermediário
66,Sempre consigo,Sempre consigo,Sempre consigo,Sempre consigo,As vezes eu consigo,As vezes eu consigo,Consigo normalmente,As vezes eu consigo,As vezes eu consigo,Ainda não consigo,Intermediário
67,Consigo normalmente,Consigo normalmente,,As vezes eu consigo,Ainda não consigo,Ainda não consigo,As vezes eu consigo,Ainda não consigo,Ainda não consigo,Ainda não consigo,Intermediário
68,Consigo normalmente,Consigo normalmente,Consigo normalmente,As vezes eu consigo,Não sei,Ainda não consigo,Ainda não consigo,As vezes eu consigo,Ainda não consigo,Ainda não consigo,Intermediário
69,Sempre consigo,Sempre consigo,,Sempre consigo,Sempre consigo,Sempre consigo,Sempre consigo,Sempre consigo,Sempre consigo,Ainda não consigo,Avançado
70,Consigo normalmente,As vezes eu consigo,Consigo normalmente,As vezes eu consigo,Ainda não consigo,Ainda não consigo,Ainda não consigo,Ainda não consigo,Ainda não consigo,Ainda não consigo,Intermediário
71,Consigo normalmente,Consigo normalmente,,Consigo normalmente,Consigo normalmente,Consigo normalmente,Consigo normalmente,Consigo normalmente,As vezes eu consigo,Não sei,Avançado
73,Sempre consigo,Consigo normalmente,Sempre consigo,Consigo normalmente,As vezes eu consigo,As vezes eu consigo,As vezes eu consigo,Consigo normalmente,Não sei,Não sei,Intermediário
74,Sempre consigo,Sempre consigo,Sempre consigo,Sempre consigo,As vezes eu consigo,Ainda não consigo,As vezes eu consigo,Sempre consigo,Ainda não consigo,Ainda não consigo,Intermediário
75,Consigo normalmente,Consigo normalmente,Consigo normalmente,Consigo normalmente,Consigo normalmente,Consigo normalmente,Consigo normalmente,Consigo normalmente,Consigo normalmente,Consigo normalmente,Avançado
76,Sempre consigo,Consigo normalmente,Sempre consigo,Consigo normalmente,Ainda não consigo,As vezes eu consigo,As vezes eu consigo,As vezes eu consigo,Não sei,Não sei,Intermediário
77,As vezes eu consigo,Consigo normalmente,,Consigo normalmente,Ainda não consigo,As vezes eu consigo,Ainda não consigo,As vezes eu consigo,Ainda não consigo,Ainda não consigo,Intermediário
78,Sempre consigo,Sempre consigo,Sempre consigo,Sempre consigo,Consigo normalmente,Consigo normalmente,As vezes eu consigo,As vezes eu consigo,Ainda não consigo,Ainda não consigo,Intermediário
80,Sempre consigo,Consigo normalmente,Consigo normalmente,Consigo normalmente,As vezes eu consigo,Ainda não consigo,Ainda não consigo,As vezes eu consigo,Ainda não consigo,Ainda não consigo,Intermediário
81,Sempre consigo,As vezes eu consigo,Sempre consigo,Sempre consigo,As vezes eu consigo,As vezes eu consigo,As vezes eu consigo,Consigo normalmente,As vezes eu consigo,Ainda não consigo,Intermediário
82,,,,Não sei,Não sei,Não sei,Não sei,Não sei,Não sei,Não sei,Avançado
83,Sempre consigo,Sempre consigo,Sempre consigo,Sempre consigo,Consigo normalmente,Sempre consigo,Consigo normalmente,Consigo normalmente,As vezes eu consigo,Ainda não consigo,Avançado
84,Sempre consigo,Sempre consigo,Sempre consigo,Sempre consigo,Consigo normalmente,As vezes eu consigo,Consigo normalmente,Consigo normalmente,As vezes eu consigo,Ainda não consigo,Avançado
86,Consigo normalmente,Consigo normalmente,Sempre consigo,Consigo normalmente,Ainda não consigo,As vezes eu consigo,As vezes eu consigo,Consigo normalmente,Não sei,Não sei,Intermediário
87,Sempre consigo,Sempre consigo,Sempre consigo,Sempre consigo,Consigo normalmente,Consigo normalmente,Consigo normalmente,Consigo normalmente,As vezes eu consigo,Ainda não consigo,Avançado
88,Consigo normalmente,Consigo normalmente,,Consigo normalmente,As vezes eu consigo,Consigo normalmente,As vezes eu consigo,Consigo normalmente,Ainda não consigo,Não sei,Intermediário
90,Consigo normalmente,Consigo normalmente,As vezes eu consigo,Consigo normalmente,As vezes eu consigo,Ainda não consigo,As vezes eu consigo,As vezes eu consigo,Não sei,Não sei,Intermediário
91,Sempre consigo,Consigo normalmente,Sempre consigo,Consigo normalmente,As vezes eu consigo,Consigo normalmente,As vezes eu consigo,As vezes eu consigo,As vezes eu consigo,Ainda não consigo,Intermediário
92,,,,,,,,,,,Avançado
94,Sempre consigo,Sempre consigo,Sempre consigo,Sempre consigo,Sempre consigo,Sempre consigo,Sempre consigo,Sempre consigo,Consigo normalmente,Consigo normalmente,Avançado
95,Consigo normalmente,As vezes eu consigo,As vezes eu consigo,Consigo normalmente,Ainda não consigo,Ainda não consigo,Ainda não consigo,As vezes eu consigo,Ainda não consigo,Ainda não consigo,Intermediário
97,Sempre consigo,Sempre consigo,Sempre consigo,Sempre consigo,Sempre consigo,Sempre consigo,Consigo normalmente,Consigo normalmente,As vezes eu consigo,As vezes eu consigo,Intermediário
98,As vezes eu consigo,As vezes eu consigo,Consigo normalmente,Ainda não consigo,Ainda não consigo,Ainda não consigo,Ainda não consigo,As vezes eu consigo,Ainda não consigo,Ainda não consigo,Aprendiz
99,Sempre consigo,Sempre consigo,Sempre consigo,Sempre consigo,As vezes eu consigo,Consigo normalmente,Sempre consigo,Consigo normalmente,Ainda não consigo,Ainda não consigo,Avançado
101,Sempre consigo,Sempre consigo,Sempre consigo,,Consigo normalmente,Consigo normalmente,Consigo normalmente,Consigo normalmente,As vezes eu consigo,As vezes eu consigo,Avançado
102,Sempre consigo,Sempre consigo,Sempre consigo,Sempre consigo,Sempre consigo,Sempre consigo,Sempre consigo,Sempre consigo,Sempre consigo,As vezes eu consigo,Avançado
103,Consigo normalmente,Consigo normalmente,Sempre consigo,Sempre consigo,Consigo normalmente,Consigo normalmente,As vezes eu consigo,As vezes eu consigo,As vezes eu consigo,Ainda não consigo,Avançado
104,Consigo normalmente,As vezes eu consigo,As vezes eu consigo,As vezes eu consigo,Ainda não consigo,Ainda não consigo,Ainda não consigo,Ainda não consigo,Ainda não consigo,Ainda não consigo,Iniciante
105,Sempre consigo,Consigo normalmente,Não sei,Consigo normalmente,Ainda não consigo,Ainda não consigo,As vezes eu consigo,As vezes eu consigo,Ainda não consigo,Ainda não consigo,Intermediário
106,Sempre consigo,Sempre consigo,Sempre consigo,Sempre consigo,Sempre consigo,Sempre consigo,Sempre consigo,Sempre consigo,Consigo normalmente,Consigo normalmente,Avançado
107,Consigo normalmente,Consigo normalmente,Consigo normalmente,As vezes eu consigo,Ainda não consigo,Ainda não consigo,Ainda não consigo,Ainda não consigo,Ainda não consigo,Ainda não consigo,Intermediário
108,As vezes eu consigo,Consigo normalmente,Consigo normalmente,As vezes eu consigo,,,,As vezes eu consigo,,,Iniciante
109,Sempre consigo,Sempre consigo,Sempre consigo,Sempre consigo,As vezes eu consigo,Consigo normalmente,Sempre consigo,Consigo normalmente,Ainda não consigo,Ainda não consigo,Avançado
110,Sempre consigo,Sempre consigo,Sempre consigo,Sempre consigo,As vezes eu consigo,Consigo normalmente,Sempre consigo,Consigo normalmente,Ainda não consigo,Ainda não consigo,Avançado
111,Sempre consigo,Sempre consigo,Sempre consigo,Sempre consigo,As vezes eu consigo,Consigo normalmente,Sempre consigo,Consigo normalmente,Ainda não consigo,Ainda não consigo,Avançado
112,Consigo normalmente,Consigo normalmente,As vezes eu consigo,Sempre consigo,Sempre consigo,As vezes eu consigo,Sempre consigo,Sempre consigo,Consigo normalmente,Consigo normalmente,Avançado
113,Sempre consigo,Sempre consigo,Sempre consigo,Sempre consigo,As vezes eu consigo,Consigo normalmente,Sempre consigo,Consigo normalmente,Ainda não consigo,Ainda não consigo,Avançado
114,Consigo normalmente,Consigo normalmente,Sempre consigo,Sempre consigo,Consigo normalmente,As vezes eu consigo,Consigo normalmente,Consigo normalmente,As vezes eu consigo,Ainda não consigo,Avançado
115,Sempre consigo,Sempre consigo,Sempre consigo,Sempre consigo,As vezes eu consigo,As vezes eu consigo,Consigo normalmente,Consigo normalmente,As vezes eu consigo,Ainda não consigo,Intermediário
116,Consigo normalmente,Consigo normalmente,Consigo normalmente,Consigo normalmente,Consigo normalmente,Consigo normalmente,Consigo normalmente,As vezes eu consigo,As vezes eu consigo,Ainda não consigo,Intermediário
117,Sempre consigo,Sempre consigo,Sempre consigo,Sempre consigo,Sempre consigo,Sempre consigo,Sempre consigo,Sempre consigo,Sempre consigo,Consigo normalmente,Avançado
118,Sempre consigo,Sempre consigo,Sempre consigo,Sempre consigo,Consigo normalmente,Consigo normalmente,Consigo normalmente,Consigo normalmente,Consigo normalmente,Não sei,Avançado
119,Sempre consigo,Sempre consigo,,Sempre consigo,Consigo normalmente,Sempre consigo,Sempre consigo,Sempre consigo,As vezes eu consigo,Ainda não consigo,Avançado
120,Sempre consigo,Consigo normalmente,Sempre consigo,Consigo normalmente,Ainda não consigo,Ainda não consigo,Ainda não consigo,As vezes eu consigo,Ainda não consigo,Ainda não consigo,Intermediário
122,Sempre consigo,Sempre consigo,Sempre consigo,Sempre consigo,Sempre consigo,Sempre consigo,Sempre consigo,Sempre consigo,Sempre consigo,Ainda não consigo,Avançado
123,Sempre consigo,Sempre consigo,Sempre consigo,Sempre consigo,Sempre consigo,Sempre consigo,Sempre consigo,Sempre consigo,Sempre consigo,As vezes eu consigo,Intermediário
124,Sempre consigo,Sempre consigo,Sempre consigo,Sempre consigo,Sempre consigo,Sempre consigo,Sempre consigo,Sempre consigo,Sempre consigo,Sempre consigo,Profissional
125,Sempre consigo,Sempre consigo,Sempre consigo,Sempre consigo,Sempre consigo,Sempre consigo,Sempre consigo,Sempre consigo,Consigo normalmente,Consigo normalmente,Avançado
127,Sempre consigo,Sempre consigo,Sempre consigo,Sempre consigo,Sempre consigo,Sempre consigo,Sempre consigo,Sempre consigo,Sempre consigo,Ainda não consigo,Avançado
128,Sempre consigo,Sempre consigo,Sempre consigo,Sempre consigo,Consigo normalmente,Consigo normalmente,Consigo normalmente,As vezes eu consigo,As vezes eu consigo,Não sei,Intermediário
129,Sempre consigo,Sempre consigo,,Sempre consigo,Sempre consigo,Sempre consigo,Sempre consigo,Sempre consigo,Consigo normalmente,Consigo normalmente,Avançado
131,Sempre consigo,Sempre consigo,Sempre consigo,Sempre consigo,Sempre consigo,Sempre consigo,Sempre consigo,Sempre consigo,As vezes eu consigo,As vezes eu consigo,Avançado
132,Sempre consigo,Sempre consigo,Sempre consigo,Sempre consigo,Consigo normalmente,As vezes eu consigo,Consigo normalmente,Consigo normalmente,As vezes eu consigo,Ainda não consigo,Avançado
133,Sempre consigo,Sempre consigo,Não sei,Sempre consigo,Sempre consigo,Sempre consigo,Sempre consigo,Sempre consigo,As vezes eu consigo,As vezes eu consigo,Avançado
134,Sempre consigo,Sempre consigo,Sempre consigo,Sempre consigo,Sempre consigo,Sempre consigo,Sempre consigo,Sempre consigo,Sempre consigo,As vezes eu consigo,Avançado
135,Sempre consigo,Consigo normalmente,Consigo normalmente,Consigo normalmente,Ainda não consigo,As vezes eu consigo,As vezes eu consigo,As vezes eu consigo,Ainda não consigo,Não sei,Intermediário
136,Sempre consigo,Consigo normalmente,Consigo normalmente,As vezes eu consigo,Ainda não consigo,Ainda não consigo,As vezes eu consigo,As vezes eu consigo,Ainda não consigo,Ainda não consigo,Intermediário
137,Sempre consigo,Sempre consigo,,Sempre consigo,Sempre consigo,Sempre consigo,Sempre consigo,Sempre consigo,As vezes eu consigo,Ainda não consigo,Intermediário
138,Sempre consigo,Sempre consigo,Sempre consigo,Sempre consigo,Ainda não consigo,Sempre consigo,Sempre consigo,Sempre consigo,As vezes eu consigo,Ainda não consigo,Avançado
139,Consigo normalmente,Consigo normalmente,Sempre consigo,Sempre consigo,Consigo normalmente,As vezes eu consigo,Consigo normalmente,Consigo normalmente,Ainda não consigo,Ainda não consigo,Intermediário
140,Sempre consigo,Sempre consigo,Sempre consigo,Sempre consigo,Sempre consigo,Sempre consigo,Sempre consigo,Sempre consigo,Consigo normalmente,Consigo normalmente,Profissional
141,Consigo normalmente,Consigo normalmente,Sempre consigo,Sempre consigo,As vezes eu consigo,As vezes eu consigo,As vezes eu consigo,As vezes eu consigo,Não sei,Não sei,Intermediário
142,Sempre consigo,Sempre consigo,Sempre consigo,Sempre consigo,As vezes eu consigo,As vezes eu consigo,As vezes eu consigo,As vezes eu consigo,Ainda não consigo,Ainda não consigo,Intermediário
143,Sempre consigo,Sempre consigo,Sempre consigo,Sempre consigo,Sempre consigo,Consigo normalmente,Consigo normalmente,As vezes eu consigo,As vezes eu consigo,Não sei,Intermediário
144,Sempre consigo,Consigo normalmente,Consigo normalmente,Consigo normalmente,As vezes eu consigo,As vezes eu consigo,As vezes eu consigo,As vezes eu consigo,As vezes eu consigo,Ainda não consigo,Avançado
145,Sempre consigo,Sempre consigo,,Sempre consigo,As vezes eu consigo,Consigo normalmente,As vezes eu consigo,Consigo normalmente,As vezes eu consigo,Ainda não consigo,Avançado
146,Sempre consigo,Consigo normalmente,Consigo normalmente,Sempre consigo,Sempre consigo,Sempre consigo,Sempre consigo,Sempre consigo,Sempre consigo,As vezes eu consigo,Avançado
147,Sempre consigo,Sempre consigo,Sempre consigo,Sempre consigo,Sempre consigo,Sempre consigo,Sempre consigo,Sempre consigo,Sempre consigo,As vezes eu consigo,Avançado
148,Consigo normalmente,Consigo normalmente,Consigo normalmente,Consigo normalmente,As vezes eu consigo,Consigo normalmente,Consigo normalmente,Consigo normalmente,As vezes eu consigo,Ainda não consigo,Intermediário
149,Sempre consigo,Sempre consigo,Sempre consigo,Sempre consigo,Sempre consigo,Sempre consigo,Sempre consigo,Sempre consigo,Sempre consigo,Ainda não consigo,Avançado
150,Sempre consigo,Sempre consigo,Sempre consigo,Sempre consigo,Consigo normalmente,Consigo normalmente,Consigo normalmente,Consigo normalmente,As vezes eu consigo,Ainda não consigo,Avançado
151,Consigo normalmente,Consigo normalmente,Consigo normalmente,Consigo normalmente,Não sei,Consigo normalmente,Consigo normalmente,Consigo normalmente,Consigo normalmente,,Intermediário
152,Sempre consigo,Sempre consigo,Sempre consigo,Sempre consigo,Consigo normalmente,Consigo normalmente,Consigo normalmente,Consigo normalmente,As vezes eu consigo,Ainda não consigo,Avançado
153,As vezes eu consigo,As vezes eu consigo,,As vezes eu consigo,Ainda não consigo,Ainda não consigo,Ainda não consigo,Ainda não consigo,Ainda não consigo,Ainda não consigo,Intermediário
154,Sempre consigo,Sempre consigo,Sempre consigo,Sempre consigo,Sempre consigo,Sempre consigo,Sempre consigo,Sempre consigo,Sempre consigo,As vezes eu consigo,Intermediário
155,Sempre consigo,Sempre consigo,Sempre consigo,Sempre consigo,Ainda não consigo,Ainda não consigo,As vezes eu consigo,As vezes eu consigo,As vezes eu consigo,Não sei,Intermediário
156,Sempre consigo,Sempre consigo,Consigo normalmente,Sempre consigo,Ainda não consigo,Consigo normalmente,As vezes eu consigo,As vezes eu consigo,Ainda não consigo,Não sei,Intermediário
157,Consigo normalmente,Consigo normalmente,Consigo normalmente,Consigo normalmente,Consigo normalmente,Consigo normalmente,Consigo normalmente,Consigo normalmente,Consigo normalmente,As vezes eu consigo,Avançado
158,Sempre consigo,Sempre consigo,,Sempre consigo,As vezes eu consigo,Consigo normalmente,Sempre consigo,Consigo normalmente,As vezes eu consigo,Ainda não consigo,Avançado
159,Sempre consigo,Consigo normalmente,Sempre consigo,Consigo normalmente,As vezes eu consigo,As vezes eu consigo,As vezes eu consigo,As vezes eu consigo,As vezes eu consigo,Ainda não consigo,Intermediário
160,Sempre consigo,Sempre consigo,Sempre consigo,Sempre consigo,Consigo normalmente,Consigo normalmente,Consigo normalmente,As vezes eu consigo,As vezes eu consigo,Ainda não consigo,Avançado
161,Sempre consigo,Sempre consigo,Sempre consigo,Sempre consigo,Sempre consigo,Consigo normalmente,Sempre consigo,Sempre consigo,Ainda não consigo,Não sei,Avançado
162,Sempre consigo,Consigo normalmente,Sempre consigo,As vezes eu consigo,Ainda não consigo,Ainda não consigo,Ainda não consigo,Ainda não consigo,Ainda não consigo,Ainda não consigo,Intermediário
163,Sempre consigo,Sempre consigo,Sempre consigo,Sempre consigo,Sempre consigo,As vezes eu consigo,Sempre consigo,Sempre consigo,Consigo normalmente,Ainda não consigo,Avançado
164,Sempre consigo,Sempre consigo,Sempre consigo,Sempre consigo,Sempre consigo,Sempre consigo,Sempre consigo,Sempre consigo,As vezes eu consigo,Ainda não consigo,Avançado
165,Sempre consigo,Sempre consigo,Sempre consigo,Sempre consigo,Sempre consigo,Sempre consigo,Sempre consigo,Sempre consigo,As vezes eu consigo,Ainda não consigo,Avançado
166,Sempre consigo,Consigo normalmente,Consigo normalmente,Consigo normalmente,As vezes eu consigo,Consigo normalmente,Consigo normalmente,As vezes eu consigo,As vezes eu consigo,Não sei,Intermediário
167,Sempre consigo,Consigo normalmente,Consigo normalmente,Consigo normalmente,Consigo normalmente,Consigo normalmente,Consigo normalmente,As vezes eu consigo,As vezes eu consigo,Ainda não consigo,Avançado
168,Consigo normalmente,Consigo normalmente,Consigo normalmente,As vezes eu consigo,Ainda não consigo,Ainda não consigo,As vezes eu consigo,As vezes eu consigo,Ainda não consigo,Ainda não consigo,Intermediário
169,Sempre consigo,Sempre consigo,Sempre consigo,Sempre consigo,Consigo normalmente,As vezes eu consigo,As vezes eu consigo,As vezes eu consigo,Sempre consigo,,Avançado
170,Consigo normalmente,Consigo normalmente,Sempre consigo,Sempre consigo,Não sei,Não sei,Ainda não consigo,As vezes eu consigo,Ainda não consigo,Ainda não consigo,Intermediário
171,Sempre consigo,Consigo normalmente,Sempre consigo,Sempre consigo,Ainda não consigo,Consigo normalmente,As vezes eu consigo,As vezes eu consigo,Ainda não consigo,Ainda não consigo,Intermediário
172,Sempre consigo,Sempre consigo,Não sei,Sempre consigo,Consigo normalmente,Sempre consigo,Consigo normalmente,Consigo normalmente,As vezes eu consigo,Ainda não consigo,Avançado
173,Sempre consigo,Sempre consigo,Sempre consigo,Sempre consigo,Sempre consigo,Sempre consigo,Sempre consigo,Sempre consigo,Sempre consigo,Sempre consigo,Avançado
174,Sempre consigo,Consigo normalmente,Sempre consigo,Consigo normalmente,Ainda não consigo,Consigo normalmente,Consigo normalmente,As vezes eu consigo,Ainda não consigo,Ainda não consigo,Intermediário
175,Sempre consigo,Sempre consigo,,Sempre consigo,Sempre consigo,Sempre consigo,Sempre consigo,Sempre consigo,Sempre consigo,,Avançado
176,Sempre consigo,Sempre consigo,Sempre consigo,Consigo normalmente,Ainda não consigo,Ainda não consigo,Ainda não consigo,Ainda não consigo,Ainda não consigo,Ainda não consigo,Intermediário
177,Sempre consigo,Consigo normalmente,Consigo normalmente,Consigo normalmente,Consigo normalmente,Consigo normalmente,Consigo normalmente,As vezes eu consigo,As vezes eu consigo,Ainda não consigo,Avançado
178,Sempre consigo,Consigo normalmente,Não sei,Sempre consigo,As vezes eu consigo,As vezes eu consigo,As vezes eu consigo,Consigo normalmente,As vezes eu consigo,Ainda não consigo,Intermediário
,,,,,,,,,,,